id,title,title2,description,race,job/role,weapon/skill,anti-hero,recommended,nsfw
115067,Ansatsusha de Aru Ore no Status ga Yuusha yori mo Akiraka ni Tsuyoi no da ga,My Status as an Assassin Obviously Exceeds the Hero's,"When Akira's class is magically summoned to another world, he and his classmates are awarded fantastical powers–but while one of them is lucky enough to become a true Hero, Akira becomes a mere Assassin. However, against all odds, the Assassin just might be the most powerful role of all! Harboring doubts about the intentions of the king, Akira uses his newfound strength as a master of the shadows to uncover the secrets and conspiracies of the crown.",human,assassin,sword,0,1,0
96528,Arifureta Shokugyou de Sekai Saikyou,Arifureta: From Commonplace to World's Strongest,"After a magical circle suddenly appears at 
school, Hajime Nagumo and his classmates find themselves transported 
inside a church where they are welcomed as honored guests. Thrust into 
the RPG-like world of Tortus, each student shows great promise in both 
strength and never-before-seen classes—everyone besides Hajime. Given 
the class ""Synergist,"" which boasts borderline average stats on top of 
being weak in combat, Hajime is soon considered to be useless by the 
rest of his class.  



Working towards strengthening themselves, the students descend into a 
dungeon, but a mishap causes the entire class to be plunged into danger.
 Cornered by a large demon, they are trapped on a bridge looming over an
 abyss, the only way out being in front of them. In an effort to save 
his class, Hajime declares himself as bait, hoping his sacrifice will 
grant a chance of escape for the others. Though he intends to escape as 
well, a stray fireball flies in his direction, sending him flying off 
the bridge and down into the depths of the dungeon. Miraculously 
surviving, Hajime now begins his quest of survival in an attempt to 
reach the surface.",human,adventurer,gun,1,0,0
106300,Butsuri-san de Musou shitetara Motemote ni Narimashita,,"His harem consists of demi-human girls?! I was forced to withdraw from 
my world to learn magic with an alchemist, and while learning, I come 
upon a moment that only with my eyes could make any girl fall in love.",human,alchemist,magic,0,0,1
106810,Chiyu Mahou no Machigatta Tsukaikata: Senjou wo Kakeru Kaifuku Youin,The Wrong Way to Use Healing Magic,"Ken Usato is a normal high-schooler in 
every sense of the word—average grades, dreams, and a tendency to 
dislike extraordinary people. However, when he encounters the president 
and the vice president of the student council, both popular and 
extraordinary, he immediately befriends them. All of this is interrupted
 when Ken's new friends are summoned into another world—and he 
accidentally gets summoned as well!



Dejected and with no way to return, he resigns himself to staying 
quietly in the new world—until he finds out he has an affinity for 
healing magic, a very rare form of magic which gives him both 
self-confidence and the attention of all mages. However, not all 
attention is good, which is something Ken realizes when he is noticed by
 a crazy fellow healing magic user…",human,hero,healer,0,0,0
99313,Choujin Koukousei-tachi wa Isekai demo Yoyuu de Ikinuku you desu!,High School Prodigies Have It Easy Even in Another World!,"Seven Japanese high school prodigies have 
taken the world by storm, exercising their mind-blowing abilities in 
everything from politics to entertainment. But when their plane crashes 
one day, these geniuses awaken to find themselves in a different 
realm-one that's home to magic and beast folk! While such strange new 
surroundings might throw an average person for a loop, these prodigies 
take their situation in stride... and then some! With the greatest minds
 and talents known to Earth, this dream team is about to turn the other 
world on its head!",human,student,strategist,0,0,0
83021,Death March kara Hajimaru Isekai Kyousoukyoku,Death March to the Parallel World Rhapsody,"29-year-old programmer Suzuki Ichirou finds himself transported into a fantasy RPG. Within the game, he's a 15-year-old named Satou. At first he thinks he's dreaming, but his experiences seem very real. Due to his use of a 3-time-use special power (meteor shower), he ends up wiping out an army of lizardmen and becoming very high level. He hides his level and plans to live peacefully and meet new people, though developments in the game story (like the return of a demon king) might get in his way.",human,adventurer,magic,0,0,0
13801,Drifters,,"At the start of the Edo period, the samurai
 Toyohisa Shimazu is in the midst of a bloody battle against the 
legendary Tokugawa clan to ensure the successful retreat of the Shimazu 
clan forces.



After his entire unit is massacred, Toyohisa manages to single-handedly 
force the enemy to withdraw—at the cost of being mortally wounded. 
Walking out of the battlefield dejected, he mysteriously finds himself 
in a white hallway, where he’s immediately thrown into a door. He 
awakens in a different world, and there he encounters ""Drifters,"" other 
legendary warriors who died and ended up in the same realm. Together, 
they use the knowledge and experience from their past lives in order to 
take over an empire and fight against an unknown force of evil that 
intends to crush all humanity.",human,warrior,sword,1,0,0
98820,Dungeon Seeker,,"Junpei Takeda, a meek high school student, 
regularly suffers at the hands of Kido Shouta and his gang of bullies. 
Luckily, his childhood friend Noriko Tatsumiya always comes to his 
rescue. One day, all of them are transported to a fantasy world by an 
aloof being who calls himself ""God."" Junpei quickly learns that he is 
just as weak in this new world as he was in his old one; yet, he now 
possesses a unique ability that allows him to learn a skill from any 
enemy he defeats.



After months of struggling to survive, Noriko and Kido trick Junpei into
 entering the ""Sacrificial Labyrinth,"" a dungeon filled with powerful 
monsters that no one has ever escaped from. Driven by revenge, Junpei 
ventures deeper into the labyrinth in search of an exit.",human,hunter,half monster,1,1,0
123093,Fantasy Bishoujo Juniku Ojisan to,,"A dull old man and his handsome best friend were summoned to another world by a naked goddess! However, because of the goddess's mischief, he has turned into a peerless beautiful girl?! To get back his body, he has to go on a journey with his best friend to defeat the demon king!! ""An old man that became a beautiful girl"" and ""A handsome old man""! Let the madness filled another world journey rom-com begin!!",human,hero,physical strength,0,0,0
113716,Gacha wo Mawashite Nakama wo Fuyasu: Saikyou no Bishoujo Gundan wo Tsukuriagero,Gacha Girls Corps,"Norl's a cutting-edge cutie with a cutting 
edge who's a cut above the rest. Heihachi's just your average mobile 
game addict with a whale-sized hole in his wallet. But one day, he pulls
 an item that pulls him into another world, spinning his life around 
with a spin of the gacha.



Attacked by monsters, and left without options, Heihachi does what he 
knows best—roll gacha! To his surprise, he watches his unit materialize 
before his eyes. Heihachi's used to seeing cute girls pop up on his 
phone, but he's never seen one pop out of his phone!",human,adventurer,gacha,0,0,0
105328,"Gaikotsu Kishi-sama, Tadaima Isekai e Odekakechuu",Skeleton Knight in Another World,"One day, a gamer played video games until 
he fell asleep...and when he woke up, he found himself in the game 
world—as a skeleton! Equipped with the powerful weapons and armor of his
 avatar but stuck with its frightening skeletal appearance, Arc has to 
find a place for himself in this new, fantastical land. All his hopes 
for a quiet life are dashed when he crosses paths with a beautiful elven
 warrior, setting him on a journey full of conflict and adventure.",skeleton,holy knight,sword + magic,0,1,0
114595,Game of Familia: Kazoku Senki,,"The protagonist along with his step-mother and 2 step-aunts are summoned into another world where demi-humans are the rulers as saviors, but its not to fight against a demon lord, its to fight an Undead Apocalypse monsters called ""Dead Mell"" that have overrun the world and that can only be killed by using weapons made with holy silver. For that, a familia is made (group of 4 people) with them being the swordmaster that uses the holy sword, the guardian that uses the power of earth to protect, the healer that use the power of water to heal and the black mage that uses the power of fire to destroy. The role of the guardian, the mage and the healer is to support the swordmaster that can only kill the monsters. But to use magic powers one must offer part of your being as a sacrifice to form a contract with spirits, and the higher the sacrifice, the higher the power. Now they must choose who are the 3 that need to sacrifice part of their bodies to gain power and who will wield the holy sword.",human,magician,strategist,1,1,0
129229,Goshujinsama to Yuku Isekai Survival!,Survival in Another World with My Mistress!,"Kosuke found himself in a whole different 
world. Standing there with the wilderness to the east and a forest to 
his left, he decided to make good use of the occurrence, and tests his 
knowledge to where he finds this amazing crafting ability, just like the
 games from his original world!",human,slave,minecraft,0,0,1
91656,"Gun-Ota ga Mahou Sekai ni Tensei shitara, Gendai Heiki de Guntai Harem wo Tsukucchaimashita!?","When a Gun Nerd Is Reincarnated to a World of Magic, He Established a Harem army with Modern Weapons!?","Houta Youta, 27 years old, was a virgin, a high school dropout, and a former hikikomori. His life had been pretty horrible since his high school years and now, on his way home from work at the metalworking factory, he gets stabbed to death by a drug addict. However, it seems that he has been reborn in a fantasy world.",human,adventurer,gun,0,0,0
122650,"Hazurewaku no ""Joutai Ijou Skill"" de Saikyou ni Natta Ore ga Subete wo Juurin suru made",Failure Frame: I Became the Strongest and Annihilated Everything With Low-Level Spells,"Along with his entire class, Touka Mimori 
was summoned to another world by the Goddess Vysis. While most were 
ranked quite powerful, Touka was the weakest among them, so it was only 
natural that he be disposed of. Vysis' first impression as a generous 
and loving woman soon gives way to her true, cruel nature, and she 
rallies his classmates against him, casting him into a cavernous 
labyrinth of death and despair.



Despite being the weakest, even he has a personal skill: ""Abnormal State
 Skill."" This ability, combined with his low level ""poison"" and 
""paralyze"" powers, proves to be a deadly medley—hindering the movement 
of monsters, then letting poison whittle away at their health until they
 die without having a chance to fight back. 



Gaining new abilities and companions along the way, Touka aims to exact 
revenge on that spiteful goddess who cast him into this hellscape.",human,hero,abnormal status,1,0,0
89161,Hisshou Dungeon Unei Houhou,"Certain Victory Dungeon Administration Technique
        ","One day in a sunny leisure day, a woman 
visited my house and asked me if I’m interested in managing a dungeon 
along with support from a goddess. But of course, I refused. Eh? I 
shouldn’t ignore a person in trouble, moreover if it’s a beautiful 
woman? No way, that’s too bothersome and why do I have to do that? I’m 
perfectly satisfied with my comfortable life now, throwing it away is 
just overly stupid... Sigh, fine. So I just go to another world, become a
 dungeon master, manage a dungeon, and deal with a mana circulation 
problem? Understood, but how to do it? Let me show you how...",human,dungeon master,strategist,0,0,0
125904,"Houkago wa, Isekai Kissa de Coffee wo","Have a Cup of Coffee at the Cafe in Fantasy World, After School.","Yuu found himself in another world, where 
now he spends his time not adventuring in the town's labyrinth, nor 
hunting down a demon lord, but running the world's only café. His days 
pass as he hopes for an upswing in popularity and works towards keeping 
his... eccentric regulars happy.



One day, a student attending the town's magic academy finds his café when looking for a quiet place to study...",human,cafe owner,-,0,0,0
86043,"Isekai de ""Kuro no Iyashi Te"" tte Yobareteimasu",The Black Healer,"Walking home one night, Kanzaki Misuzu is 
dragged into another world by strange, black hands. She awakens in a 
field and discovers that this world functions like an RPG; there is a 
status screen, with details concerning her health and mana. In fact, she
 has an absurdly high amount of mana!



While she is able to manage herself well, it's still a lot to handle, 
being all alone in the world. After meeting some knights, she soon 
realizes a use for her modern-day knowledge—healing. Knowing how the 
body works down to its very cells, Kanzaki is able to discern illnesses 
and treat them.



Quickly making a name for herself as an unparalleled healer—earning the 
title ""Black Healer""—Kanzaki sets out on an adventure in this 
fantastical world, searching for a way home and, all the while, 
unraveling the truth behind the mysterious man in her dreams.",human,magician,healer,0,0,0
111846,Isekai de Saikyou no Tsue ni Tensei shita Ore ga Iyagaru Shoujo wo Muriyari Mahou Shoujo ni P suru!,"Reincarnated as the strongest wand In another world, I'm forcing a girl to be a magical girl against her will!","Niimi Reiji is a huge fan of a widely 
popular TV animation series ""Magical Girl☆Charming Luluna."" One day he 
died while saving his friend's daughter and was reincarnated in a 
different world. But in the form of a magical wand! With his magic power
 he transforms (forces) a girl similar to his favorite character into a 
""magical girl.""



The saga of a magical girl and her magical (physical) power in another world start!",wand,magic wand,magic,0,0,1
134764,"Isekai Furin: Maou Toubatsu kara 10-nen, Tsuma to wa Less no Motoyuusha to, Otto wo Nakushita Onna Senshi","Isekai Affair: Ten Years After the Demon King's Subjugation, the Married Former Hero and the Female Warrior Who Lost Her Husband","Yuta Shimabara, who was run over by the 
truck, reincarnated in a different world as a hero and subdued the Demon
 King with unrivaled power! Ten years later, the only thing he has to 
show for is a mediocre and hard-working daily life. However, the 
forbidden love with the female warrior Lucas, a member of the Demon King
 Subjugation Party, heats up!?",human,hero,sword,0,0,1
119098,Isekai Kitchen: Around 30 Eiyoushi no Second Life,Parallel Universe Kitchen,"Touya Asayama, a registered dietician, is 
suddenly sent to another world with his little sister Momoka. They 
stumble across a restaurant specializing in healthy food, but it ends up
 that the people of this world believe that food can't be healthy and 
taste good at the same time. Armed with his knowledge as a dietician, 
Touya begins working at the restaurant in hopes of changing the world's 
view of food and healthy eating.",human,cook,-,0,0,0
131228,Isekai Kuimetsu no Same,"
Killer Shark in Another World","Summoned to try to defeat the Demon King, 
Shiromi diligently studies at a magic school, but through a confluence 
of mysterious factors, she ends up conjuring a super dangerous shark, 
Same.  Her classmates and the Demon King's soldiers alike become a 
delicious dinner for Same.  Apologizing as she goes, Shiromi trods a 
bloodstained world.",human,student,summoner,1,0,0
103364,Isekai Mahou wa Okureteru!,The Magic in this Other World is Too Far Behind!,"Felmenia Stingray was a genius magician. 
She quickly became the most distinguished magician of the Astel Kingdom 
after her discovery of white fire magic, which had the power to burn 
anything.



However, the world is in peril due to the Demon King. The kingdom's 
court magicians perform a summoning ritual for heroes and bring forth 
two youths, a boy and a girl. Unlike the girl, the young man refused to 
fight the Demon King and demanded to be sent back to his world. The 
kingdom, angry with his behavior, lock him away.



Now Felmenia stands before the young man with her strongest magic, the 
white flame, being completely useless and asks who he is. It was already
 obvious to her that this man was far stronger than she was. To this he 
simply responds.



""Yakagi Suimei, a magician.""",human,magician,magic,0,0,0
91714,Isekai Maou to Shoukan Shoujo no Dorei Majutsu,How NOT to Summon a Demon Lord,"An elite but socially-stunted gamer finds himself in another world, inhabiting the body of his character Diablo. Despite his powers, his awkwardness keeps getting in the way, so he decides to pretend to be a Demon Lord and soon finds himself with a pair of slaves: a well-endowed elf and a cat girl. Together, they struggle with everything from interpersonal relationships to diabolical beast battles.",demon,demon lord,magic,1,1,1
106608,Isekai Meikyuu de Harem wo,A Harem in the Fantasy World Dungeon,"A man was about to commit suicide and decides to search for a way to die in the internet, but then he found an odd site that asked a lot of questions and had a point based system that allows you to create skills and abilities for a character. He took interest in it and when he finished setting his character he was asked ""You will now be transported to a world with the settings you choose, coming back is not possible, do you still accept."" Then, without thinking much of it, he pressed ""Yes,"" and he found himself in another world with the skills and abilities he choose to have...",human,adventurer,job change,0,0,1
129759,Isekai Mokushiroku Mynoghra: Hametsu no Bunmei de Hajimeru Sekai Seifuku,Mynoghra the Apocalypsis: World Conquest by Civilization of Ruin,"Takuto Ira succumbed to illness at a young age and ended up reincarnating in a world that resembled the strategy simulation game, ""Eternal Nations,"" which he loved playing when he was alive. What appeared in front of him was Atou, a girl belonging to the evil civilization that he used to play as, ""Mynoghra."" The two of them decided to create a new country in this world once again.",god,king,summoner,1,1,0
110460,Isekai Nonbiri Nouka,Farming Life in Another World,"Having died of sickness at the age of 39, Machio Hiraku is given the opportunity to go to another world. When asked what his wish is by God intending to give him strength, he requests to have a healthy body, offered a second wish, he chooses to live peacefully, a third wish to be able to know the local language, and for a final wish, to be able to be a farmer.",human,farmer,farming tool,0,0,0
107893,Isekai Onsen ni Tensei shita Ore no Kounou ga Tondemosugiru,"I was reincarnated as a hot spring in an alternate world, and I'm way too effective","High school student Atami Kusatsu on his 
way to a rural onsen, meets with a tragic accident along the way and 
dies, but he's reincarnated as an onsen in a fantasy universe.



In this world, the liquefied Atami turns out to have remarkable physical
 and magical healing properties, and he soon finds himself being 
regularly visited by beautiful elven adventurer Laticia, large-breasted 
priestess Kumu, and petite village chieftess Chichiku.",onsen,onsen,healer,0,0,1
115310,Isekai Shoukan wa Nidome desu,This Makes My Second Otherworldly Summon,"There was once a man who was summoned to 
another world, and saved it. Of course, he became too popular there, and
 turned into an isekai-normie. However, that man fell into a ""trap,"" and
 was forcibly returned to his original world. Moreover, he had to start 
over as a baby!



This is the story of the way-too-fantastic ex-hero who lived as a gloomy
 high schooler as he gets summoned once again to that other world in a 
very unexpected development!",human,hero,sword,0,0,1
117595,Isekai Shuukyou e Youkoso!,Welcome to Religion in Another World,"Past the dreams there is a special world, where monsters and demons 
fight for supremacy, it so happens those same monsters and demons are 
also the objects of cult for religions in the real world. A victory in 
the monster world, means the success of a religion in the real world.

Wahowaho is a new religion, aiming to the top, and while searching for their god they have summoned a clueless human boy.


Toda Yuu was visiting a fan convention with his sister, he was looking 
forward the event for his favourite game, a phone gacha game with 
deities, but once he fell asleep things started to change in the real 
world.",god,-,-,0,0,0
127075,Isekai Sniper wa Onna Senshi no Mofumofu Pet,Another World Sniper Is Female Warrior's Mof-moffy Pet,"A 31-year-old gun otaku, completely 
penniless, dies and reincarnates in another world! But he was 
reincarnated as a fluffy, cute little monster?! He meets a female 
warrior and they begin adventuring together. It turns out his gun 
knowledge is extremely useful in this other world. An other world, 
reincarnation fantasy!",desk orc,adventurer,gun,0,0,1
100923,Jaryuu Tensei,Evil Dragon Reincarnation,"Death is the end... at least, that is the 
case for most people. After an ordinary salesman dies in a car crash 
caused by a couple making out, he is reincarnated in another world as a 
fierce and powerful dragon. However, being an evil dragon has its own 
share of problems, as adventurers and evil-beings alike seek him out in 
attempts to slay him. 



Kuroe, one adventurer who hasn't given up on defeating the dragon, keeps
 facing him in order to test herself and prove her mettle. But after 
suffering another loss, Kuroe and the evil dragon ""Ja"" have a 
heart-to-heart. With a new understanding between them, they leave Ja's 
home and set off for town together. Though their companionship is brief,
 it paves the way for Ja's hilarious travels and his many encounters 
throughout the world.",dragon,adventurer,dragon,0,0,0
124797,Jikan Teishi Yuusha,Time Stop Hero,"After being cancelled on social media, 
Sekai Kuzuno falls into despair and wishes so hard to leave his life 
behind that he suddenly finds himself in a fantasy RPG world. He has 
nothing but the clothes on his back...and his handy game controller. 
With a press of the pause button, he becomes a literal Time Stop Hero. 
Running off with money, one-shotting static mobs, and flipping the 
skirts of every girl in sight, Sekai’s desires are boundless, but his 
power isn’t! If he doesn’t clear the game in three days, time will stop 
for Sekai—forever!",human,hero,time stop,0,0,1
116167,Jimi na Kensei wa Soredemo Saikyou desu,The World's Least Interesting Master Swordsman,"A Japanese student named Shirokuro Sansui died because of God's mistake and was teleported to a different world. He claimed that he wishes to become 'the strongest,' so he received a referral letter addressed to a sage from God and 500 years of training from the sage. When he reached a stage where he could be called 'the strongest' in the common people's standard, he stumbles upon a baby near his training grounds, and there, he finally starts his adventure in another world. His training was simple, his techniques are simple, he's the strongest but he looks simple. With an ordinary wooden sword in hand, the fight of the simple-looking Sword Saint has just begun.",human,swordman,sword,0,0,0
119022,Kage no Jitsuryokusha ni Naritakute!,The Eminence in Shadow,"Great heroes and diabolical villains are 
the types of characters that people long to be—but not Cid Kagenou. He 
longs to become the true mastermind behind it all, pulling the strings, 
and having his machinations drive the entire story. In his previous life
 in modern-day Japan, he was not able to achieve his goals. But now, 
reborn into a world of magic, he will show the true eminence of shadow!



As Cid pretends to be just another average mob character, he recruits 
members to his (fake) organization Shadow Garden, aiming to take down 
the mysterious cult who lurks in the shadows. With plenty of ad-libs, 
Cid leads his (fake) organization against the foul (yet surprisingly 
real) Diabolos Cult.",human,assassin,sword,1,1,0
108197,Kaifuku Jutsushi no Yarinaoshi,Redo of Healer,"Keyaru's tragedy began the moment he was 
granted the title of ""Healer Hero."" Although his healing ability was top
 tier, he lacked offensive capability, so his party deemed him a tool 
rather than a person. The strongest mage, Princess Flare Arlgrande 
Jioral, got him addicted to a particular drug that caused him to lose 
his sanity, and he became a plaything for her and his party's sadistic 
pleasures.



However, in the final battle, Keyaru turns the tables and uses his 
abilities to rewind time to four years ago. Now, his memories remain 
intact, but his torturers are none the wiser. His first victim is the 
princess; he has his way with her and then wipes her memories. She now 
believes herself to be ""Freia,"" Keyaru's most devoted follower, willing 
to pleasure him in any way she can.



Alongside more beautiful women he brings into his fold, Keyaru sets out 
on a path of revenge, satisfying his desires and showing the true might 
of the Healer Hero.",human,hero,healer,1,0,1
130204,Kami no Techigai de Shindara Cheat Gun Tsumi de Isekai ni Hourikomaremashita,I Was Killed By A God's Mistake And Now I'm An Extremely Overpowered Adventurer In Another World,"Tomoya Sadoshima died after a serious 
accident after returning to a convenience store. Then, after regaining 
consciousness in a pure white world, a woman of divine beauty emerged, 
she introduces herself as ""The Goddess of Creation."" The goddess of 
creation prepared a remedy for her suffering, she offers him to 
reincarnate a different world than his own. But it was a world in a war 
situation with the demon king.",human,adventurer,?,0,0,1
66685,Kekkon Yubiwa Monogatari,Tales of Wedding Rings,"Satou has been in love with his childhood friend and neighbor, Hime, ever since she and her grandfather appeared out of nowhere 10 years ago. Now a dazzling, yet mysterious high school beauty, she makes it more and more difficult for him to confess his feelings. As the anniversary of their first meeting is nearing, will he muster up his courage to transform their friendship into something more? Or will an entirely different fate await this tightly bonded pair?",human,hero,sword,0,0,1
107261,Kemono Michi,Animal Road Rise Up!,"Pro-wrestler Shibata Genzo who's maniac pet animals suddenly was summoned to a different world. Genzo was asked by the princess to get rid of the evil beasts called monsters roaming in this world. Outraged that he was asked to kill monsters, he german suplexed the princess. Unable to get back to earth, he decided to live a slow peaceful life in this world. This is a story about an eccentric Japanese man who was a former pro wrestler and manages a ""Monster Pet"" shop.",human,wrestle,physical strength,0,1,0
100377,Kenja no Deshi wo Nanoru Kenja,She Professed Herself Pupil of the Wise Man,"In one of the worlds that exist within 
virtual reality, Kagami held the title of one of the Nine Sages, a 
position that placed him at the pinnacle of magicians.



One day, he fell asleep in-game after pulling an all-nighter. When he 
opened his eyes, what he found was a world that was different to the one
 before... More important than anything else, was that the grizzled and 
dignified veteran's body that he was used to, had now turned into an 
innocent little girl's.



If his true identity was leaked, honestly speaking it was a situation 
where it was very possible that the solemn image he had built up until 
now would be destroyed.



And to deal with this problem, the excuse that he came up with was...",human,summoner,summoner,0,0,0
99377,Kenja no Mago,Wise Man's Grandchild,"Thanks to various magic, the human race has been saved from calamity 
many, many times. Retaining his memories from his previous life, a boy, 
Shin, was picked up by an old man known to the world as the ""Magi.""

Shin was brought up by the Magi, who had retired to a secular place, as 
his own grandson. With the memories of his past life, he absorbed the 
Magi's craft and grew to be able to develop his own magic

Then, the grandfather told him he has to become independent when he reaches the age of 15.

""Ah, I forgot to teach him common sense.""

The grandson who has grown beyond the level of normal people, lacked 
common sense; the common sense of the world. So to learn how to 
socialize, he goes to Earlshide Kingdom City to be admitted to Earlshide
 Advanced Magic Academy.",human,student,magic,0,0,0
82399,Konjiki no Word Master: Yuusha Yonin ni Makikomareta Unique Cheat,The Golden Word Master - The Four Heroes and the Innocent Bystander with the Unique Cheat,"Okamura Hiiro is introverted and loves books. To him, books are his raison d'etre. His story starts with usual gimmick of summoning of heroes. Five people summoned, but one of them is just an outsider dragged in accidentally, that person is Hiiro. The four others are his classmates, but it's not like they are friends. Unlike him, they are riajuus. Hiiro decided not to help the country, his reason? ""I don't believe you. I'm not friends with them. It's not my business, and I'm an ordinary person who cares for my own life, so bye,"" and he sets for his own journey. Little does others know, that this ordinary person, Hiiro, actually hides a power which could change the world!",human,adventurer,magic,1,1,0
80385,Kono Subarashii Sekai ni Shukufuku wo!,KonoSuba: God's Blessing on This Wonderful World!,"Kazuma Satou is a reserved 16-year-old who 
loses his life in a tragic yet laughable accident. After his untimely 
death, Kazuma finds himself standing before Aqua—the self-proclaimed 
water goddess who presents him two with choices: to ascend to heaven or 
reincarnate in a real fantasy world. Picking the latter, Kazuma gets 
tasked with defeating the Demon King, an occurring threat in his new 
world. However, Aqua's provocative attitude strikes a nerve, and in the 
heat of the moment, Kazuma takes her along.



Kazuma and Aqua, now stuck together in another world, embark on a 
journey. They soon acquire two more companions: Megumin, an archwizard 
wielding devastating explosion magic; and Lalatina ""Darkness"" Dustiness 
Ford, a crusader with a worrisome case of masochism. The four of them 
form an odd party, each member contributing their unique share of power 
and a peculiar personality. Unfortunately, their adventure soon proves 
to be challenging and costly, Kazuma's new life may be nothing but a 
headache.",human,adventurer,high luck,0,1,0
116772,Kono Yuusha ga Ore Tueee Kuse ni Shinchou sugiru,"This Hero is Invincible but ""Too Cautious""","In the celestial realm, deities oversee 
countless worlds in need of help; a goddess's task is to summon heroes 
and aid their quest to defeat the evil in each. Rookie goddess Ristarte,
 however, has been dealt a terrible hand: she must save Gaeabrande, a 
world labeled with the S-rank difficulty. While sifting through the hero
 resumés, she comes across a sheet detailing the abilities of a certain 
Seiya Ryuuguuin and is astonished by his ridiculously high stats. An 
elated Ristarte wastes no time in summoning Seiya to the celestial 
realm, failing to notice the comment on his personality: unbelievably 
cautious.



Ristarte soon despairs at his bizarre insistence on caution. He has no 
qualms with unleashing his most powerful ability to vaporize a weak 
slime, buying out a pharmacy's entire stock of potions, or refusing to 
do battle unless he is 600% certain of the outcome. However, Seiya's 
rabid obsession with safety might just be what is needed to save 
Gaeabrande.",human,hero,cautious,1,1,0
113752,Kuma Kuma Kuma Bear,,"Yuna, a 15-year-old girl, started playing the world's first VRMMO. She has earned billions of yen in stocks, and confines herself in her house playing the game without going to school. Today, a major update has arrived and she obtained a non-transferable rare bear outfit. But the equipment is so embarrassing that she can't wear it even in the game. Furthermore, when she answers the survey regarding the new update and relaunches the game, she appears in and unknown forest in the bear outfit. Where is this? Email from God? A different world? If she wears the bear outfit she's a cheat, if she takes it off she's a normal girl. Her adventure starts just like that. Yuna began doing whatever she wanted.",human,adventurer,bear,0,1,0
95353,"Kumo desu ga, Nani ka?","So I'm a Spider, So What?","When a mysterious explosion killed an 
entire class full of high school students, the souls of everyone in 
class was transported into a fantasy world and reincarnated. While some 
students were reincarnated as princes or prodigies, others were not as 
blessed.



Our heroine, who was the lowest in the class, discovered that she was 
reincarnated as a spider!? Now at the bottom of the food chain, she 
needs to adapts to the current situation with willpower in order to 
live! Stuck in a dangerous labyrinth filled with monsters, it's eat or 
be eaten!



This is the story of a spider doing whatever she can in order to survive!",spider,spider,spider,0,1,0
119625,Level 1 dakedo Unique Skill de Saikyou desu,My Unique Skill Makes Me OP even at Level 1,"Ryouta Satou, who died from overworking at a
 black company, was reincarnated to another world. Although Ryouta was 
alive, he was now burdened with the inconvenience that his level is 
fixed to 1 in this new world. Although he wasn’t able to raise his 
level, he had a unique skill that can create a cheat-like item that 
shouldn't exist in the world from monsters. Knowing this, he maxed out 
his stats with the help of ability-up items, and he gathered a number of
 weapons and items that can only be used by himself, which made him have
 the strongest stats and gear despite being level 1.",human,adventurer,gun,0,0,0
119152,Lv2 kara Cheat datta Motoyuusha Kouho no Mattari Isekai Life,Chillin' in Another World with Level 2 Super Cheat Powers,"Banaza, a humble merchant, is summoned to another world as a hero candidate, in the hopes that he has what it takes to defeat the demon army. When his summoners discover that he possesses no special skills, Banaza is summarily dismissed...but something goes wrong, and he can't go back home. Now he must find a way to survive in this new kingdom. Luckily, Banaza might be more powerful than anyone–including Banaza himself–realized!",human,adventurer,magic,0,0,0
104241,Mairimashita! Iruma-kun,Welcome to Demon School! Iruma-kun,"Fourteen-year-old Iruma Suzuki has the 
worst luck possible! Incapable of saying no to anyone, he has always 
performed whatever life-threatening jobs his greedy and lazy parents 
requested. His life takes an unexpected turn when they form a contract 
with Sullivan, a high-ranking demon, at the cost of his soul. Afraid and
 confused, Iruma is surprised that all Sullivan wants is to act as his 
grandfather.



Sullivan takes care of Iruma and decides to enroll him in the demon 
school Babyls. Iruma's greatest challenge is hiding his status as a 
human, so keeping a low profile among his peers is the only option. 
However, Iruma will soon discover that he is no ordinary human, and the 
demons might also be more than what meets the eye.",human,student,bow,0,0,0
98156,Maken no Daydreamer,Demon Fist Daydreamer,"The main character Minato is a college 
student who died in a plane crash and was reincarnated in a fantasy 
world. He was raised alone in the wilderness by his succubus mother, and
 now he tries to make his way as an adventurer.",incubus,adventurer,melee,0,0,0
109649,"Makikomarete Isekai Teni suru Yatsu wa, Taitei Cheat",He is a matchless warrior in different-dimension world!!,"One day 's lunch break, suddenly a male high school student Yuzo Ogata 
who has been transferred to another world of sword and magic together 
with four other friends.

According to the Princess of Space-Time Magician, a foreign world who 
summoned them, they want them to beat the Demon Lord as Heroes to save 
this world.

Suddenly I was surprised at four friends ""Temple"", but it was a relaxing
 expression … … where the princess told of a startling fact!

""`?? There should only be four braves though?""

""A man who was mistakenly summoned to a different world""

What will be in store as to his fate?",human,slave master,magic,1,0,1
115200,"Maou ni Natta node, Dungeon Tsukutte Jingai Musume to Honobono suru",I Became the Demon Lord so I Created a Dungeon and Spend Heartwarming Time There with Non-Human Girls,"Before I realized, I had become the 
guardian of a dungeon, a Demon Lord. I was suddenly in a dangerous world
 with giant monsters loitering around, fighting for their existence, so I
 thought to go about developing the dungeon in order to not die but—for 
some reason, I was having quite the good time... How did it turn out 
like this?



The protagonist, Yuki, having to live in that world now, uses his bold 
and sharp senses and spends time with a supreme dragon girl and a 
vampire girl, sometimes laughing, sometimes being angry, passing days 
doing what he likes.",demon,demon lord,dungeon master,1,0,0
107110,Maou no Hisho,Satan's Secretary,"The Demon King is awake at last and 
hellbent on world domination—but first he needs a secretary. He finds a 
human to organize his devilish plot, and she's perfect for the job. So 
perfect, in fact, that she's steadily losing her grip on her humanity. 
Thanks to her smarts, super skills, and secretarial wiles, it's only a 
matter of time before the Demon King's destructive dreams come true!",human,secretary,strategist,0,1,0
106788,Maou no Kawaii Yamada wa Yoiko,The Demon King's Cute Yamada is a Good Girl,"The manga follows Yamada, a company employee who is around 30, and a young demon king.",human,student,-,0,0,0
123067,Maou to Ore no Hangyakuki,The Dark Queen and I Strike Back,"Suddenly transported to another world. 
Being called the ""Suitable One,"" with the world's strongest power ""Holy 
Sword."" He thought he would use that power to make a great impact in 
this new world. However, in this alternate world there are ""inhumans,"" 
monsters that oppress the lands. Questioning his own convictions, he 
asked, is this correct? Who should he use this power for? This is the 
beginning of an isekai battle fantasy!",human,hero,sword,0,0,0
124543,Maou-sama ni Shoukan sareta kedo Kotoba ga Tsuujinai.,"I was summoned by the Demon King, but I can't understand language.","Somehow, when I woke up in the morning... I found myself in a strange world with a strange girl !?



This is definitely Different World Summoning!! It's the Beginning of My 
Exciting Adventurer Life... I thought But... ""I couldn't speak a single 
word!""



The summoner is a cute demon lord (maybe)!? We use gestures because we 
don't understand each other's language in an isekai communication love 
comedy!!",human,-,-,0,0,0
112684,Mata no Okoshi wo!,Raise no Okoshi wo!,"Tsubute Arino is a 15 year old boy who is 
bad at everything. One day after receiving his test scores, he is killed
 in a accident. When he woke up, he found himself at the entrance of the
 netherworld inn. Greeted by the staff of the inn, he begins his journey
 in the netherworld.",human,-,-,0,0,0
125498,"Mezametara Saikyou Soubi to Uchuusenmochi Datta node, Ikkodate Mezashite Youhei toshite Jiyuu ni Ikitai",Reborn as a Space Mercenary: I Woke Up Piloting the Strongest Starship!,"Sato Takahiro was an ordinary office worker
 and hobbyist gamer until the day he woke up on a spaceship–one that 
strangely resembled a craft from a favorite space-shooter game. With a 
decked-out ship, a crew full of babes, and a fantastic universe to 
explore, he’s going to make the most of his good luck and create the 
life he’s always dreamed of!",human,merchant,pilot,0,0,0
49331,Mondaiji-tachi ga Isekai kara Kuru Sou desu yo?,"Problem Children Are Coming From Another World, Aren't They?","Izayoi Sakamaki, Asuka Kudou, and You Kasugabe have tremendous psychic powers and are bored with the regular world. An envelope arrives for each person, and when each opens their envelope, they are stunned to see the scenery around them change to a world they had never encountered before. They've been summoned by the Black Rabbit to help the community ""No Name"" to overthrow the Devil King.",human,student,physical strength,0,0,0
119156,"Moto Sekai 1-i no Sub-Chara Ikusei Nikki: Hai Player, Isekai wo Kouryakuchuu!",The Former Top 1's Sub-Character Training Diary: A Dedicated Player is Currently Conquering Another World!,"The protagonist who was rarely ever at 
school during his middle school and high school days, is unemployed even
 as an adult. From morning till night, it was video games. For him who 
was ranked first worldwide, it was his life.



One day, his character is suddenly hacked. The data was unrecoverable 
and there was nothing that could be done. Feeling great despair at 
having lost his rank that he had bet everything to achieve in a world 
that controlled his life, the protagonist attempts suicide.



When he awakens, he finds himself inside the video game, no, it was a 
real world that resembled it. There, he notices that he has reincarnated
 into the the body of a sub character that he had created and bought 
premium benefits for long ago but had left neglected.",human,adventurer,all round,0,0,0
70259,Mushoku Tensei: Isekai Ittara Honki Dasu,Mushoku Tensei: Jobless Reincarnation,"A 34-year-old NEET loses his life saving a 
stranger in a traffic accident, only to wake up to find himself reborn 
as the baby Rudeus Greyrat in a new world filled with magic. The child 
of the adventurers Paul and Zenith Greyrat, his innate talent for magic 
is immediately recognized when he turns two, and the magic tutor Roxy 
Migurdia is brought to his home to refine him into a mage. With a 
tremendous amount of magical power and a wealth of knowledge from his 
original world, Rudeus seeks to fulfill his only desires from his 
previous life—to not repeat the mistakes of his past and die with no 
regrets.",human,adventurer,magic,0,0,0
122775,"Nito no Taida na Isekai Shoukougun: Saijakushoku ""Healer"" nanoni Saikyou wa Cheat desu ka?",Nito's Lazy Foreign World Syndrome,"Masamune Hidako is a high school student 
who suffers from continuous bullying by his classmates. Becoming tired 
of it all, he decides to commit suicide, but instead he is transported 
to another world along with all his classmates. When they arrive, they 
find that they now possess amazing abilities but he was only granted the
 status of a healer, the weakest skill of all. The king decides to get 
rid of him by transporting him to another far away place, but not before
 Hidako swears revenge against the king, the kingdom, and all of his 
classmates.",human,adventurer,healer,0,0,0
48397,No Game No Life,"
No Game, No Life","The internet is full of rumors about the 
NEET and hikikomori genius gamer siblings Sora and Shiro. The two go as 
far as to refer to the world as a ""shit game,"" but then one day a young 
man calling himself ""God"" summons them to a parallel universe. There, 
God has forbidden war, and ""everything is to be settled with games."" 
Yes, even the national borders. Driven into a corner by other species, 
the ""human species"" is down to its last city. Can Sora and Shiro, these 
related failures of society, become the saviors of humankind in this 
parallel world?",human,king,strategist,0,1,0
121083,Ookami wa Nemuranai,The Wolf Never Sleeps,"On a fervent quest to become stronger: the heroic tales of the adventurer Lecan start! The One-Eyed Wolf Lecan, jumped into a black hole he found in the confines of a labyrinth, falling into another world. No matter the world he is in, the adventurer Lecan doesn't lose his way. Seeking strength, challenging labyrinths, and defeating formidable foes: this is the stout fantasy!",human,adventurer,sword,0,1,0
74701,Ore to Kawazu-san no Isekai Hourouki,Chronicles of my adventures in another world with Kawazu-san,"Tarou was an ordinary university student 
until a strange old magician summoned him to another world, upon 
learning that his magical power is 8 million, he uses that abnormally 
powerful magic to revive the old man that caused all this... In the form
 of a frog. Thus begin the strange adventures of a boy with ridiculous 
magical power and Kawazu, the former strongest magician, now revived as a
 frog.",human,magician,magic,0,0,0
81667,Overlord,,"Momonga is an average salaryman who spends 
his free time playing Yggdrasil, a DMMO-RPG (Dive Massively Multiplayer 
Online Role-Playing Game) well-known across Japan for its immense world 
and limitless customization. Unfortunately, all good things come to an 
end, and Yggdrasil's servers shut down in the year 2138. Wanting to 
witness the game’s final hours, Momonga, the leader of the guild Ainz 
Ooal Gown, logs in for the last time and heads toward the guild’s 
headquarters.



After reminiscing about his comrades and adventures, Momonga prepares 
for the server to automatically log him out as the clock strikes 
midnight. However, he is not forcefully booted out of the game. Instead,
 he finds himself in a new world—now trapped in the body of his avatar 
and where non-player characters are aware of their feelings.



Left with no other options, Momonga takes on the name of his guild in 
hopes that other players would recognize Ainz Ooal Gown. Determined to 
make sense of the bizarre situation, Momonga embarks on a journey to 
unravel the mysteries hidden in this uncharted world.",undead,king,magic,1,1,0
105029,Parallel Paradise,,"A normal day at school takes a strange turn for Tada Youta when a bizarre apparition shoves him out a third floor window. He awakens in a fantasy realm unlike any other. Not only do dragons and knights exist, but every single inhabitant of this world is a voluptuous babe! No men have been seen in the kingdom for thousands of years, so Youta is about to get very, very lucky. Whether Youta has actually died or been transported to this place for mysterious, unknown reasons... either way, it's his version of Paradise!",human,hero,sword,1,0,1
80187,Pochi Kuro,,"A human girl falls into the demon realm and
 can't seem to communicate with the local demon Kuro who found her. 
Humans are rare in the demon realm and many would love to eat a human. 
However, Kuro ends up falling in love with her and names her Pochi!



Kuro decides to help Pochi get back to the human world and protects her 
from demons that try to eat her. She ends up being able to at least 
understand them but still can't speak the same language. She meets a 
demon prince who also shows interest in her as well and their long 
journey back to the human world begins!",human,slave,-,0,0,0
74695,Re:Zero kara Hajimeru Isekai Seikatsu,Re:ZERO -Starting Life in Another World,"While returning home from the convenience 
store, Subaru Natsuki suddenly finds himself standing in an unfamiliar 
city, surrounded by unfamiliar people speaking unfamiliar words. Subaru 
quickly connects the dots and realizes that he's been transported to 
another world. After being chased off by a shop owner for being 
penniless, Subaru finds himself surrounded by a group of thugs.



Just when Subaru thinks all hope is lost, a mysterious girl named 
Satella comes to his rescue. She's after a thief who Subaru had 
previously seen in town. After Satella scares off the thugs, Subaru 
decides to repay her by helping her look for the thief.



Through a series of events, the pair finds themselves at a cellar known 
for housing stolen goods. Shortly after entering the house, Subaru and 
Satella are ambushed by a dark figure and neither survives the 
encounter. Subaru opens his eyes to find that he has gone back in time 
to earlier that day, beginning a confusing series of loops in which he 
relives past occurrences.",human,knight,time loop,0,0,0
114568,Ride-On King,,"The story focuses on Aleksandr Bruchinov, 
the president for life of the country of Brugia, a country ruled by 
violence and the influence of its government. Aleksandr always desires 
to be dominant, and ""ride"" things, whether literally or figuratively. 
Now that he has already ridden his country, his next target is a fantasy
 world that has orcs, wyverns, and centaurs.",human,adventurer,physical strength,0,1,0
104322,Risou no Himo Seikatsu,The Ideal Sponger Life,"One day, average salaryman Yamai Zenjirou 
has an out-of-this-world experience—literally! He's pulled from Earth 
and dragged to another world where magic thrives and a gorgeous, 
powerful queen needs a consort. Now he's being pressured to marry that 
very monarch and help her bear a child. Will Zenjirou accept this life 
of lazy, luxurious love at the cost of leaving his home behind?",human,prince,immense mana,0,0,0
6778,Rotte no Omocha!,Astarotte no Omocha!,"In the medieval fantasy world of Alfheimr, 
succubus princess Astarotte Ygvar, the first princess of the kingdom of 
Ygvar, has just reached the age of 10. For the coming years of a young 
succubus' life, it is necessary for them to have a male harem. In order 
to maintain their body and preserve their beautiful appearance, they 
must consume a substance only found on males. This substance is a liquid
 called ""Sauzfryma"", better known as semen. The princess, however, bears
 a great dislike against men, and only agrees to create a harem if a 
human male is to join.



In the human world Midgar, young father Touhara Naoya was greeted by a 
suspicious lady one day, claiming that she is a fortune teller. She also
 claims that she can help him find the ""perfect job"" fitted for him. 
Even though it seems suspicious, he accepts the free consultation in 
order to support himself and his young daughter. After meeting in the 
park with the suspicious lady a day later, he suddenly found himself in 
Alfheimr, a medieval fantasy realm located on a different world. The 
mysterious lady uncloaks her true identity as the Head Chamberlain of 
the kingdom of Ygvarland. He was then lead to the palace of Ygvarland, 
and there, the ""job"" he accepted was finally revealed; he was to become a
 human candidate for princess Astarotte's harem.",human,butler,-,0,0,1
113194,"S-Rank Monster no ""Behemoth"" dakedo, Neko to Machigawarete Elf Musume no Pet toshite Kurashitemasu","I'm a Behemoth, an S-Ranked Monster, but Mistaken for a Cat, I Live as an Elf Girl's Pet","A proud knight, slain in battle, finds 
himself alive once more-reincarnated in the body of a fearsome behemoth.
 As if he wasn't confused enough by this turn of events, apparently 
behemoth cubs look exactly like adorable kittens?! Even if the rest of 
the world sees him as soft and cuddly, he has the honor of a noble 
warrior and the strength of an unstoppable S-ranked monster, both of 
which will be put to the test as he fights to protect the beautiful elf 
who has taken him as her pet!",behemoth,pet,magic,0,0,0
115156,Saikyou no Shuzoku ga Ningen Datta Ken,Humans are the Strongest Race: Starting a Slow Life with an Elf Wife in a Different World,"Having been forced to lead a life full of 
deception, corporate employee Youji Amezaki has become completely fed up
 with his work. However, things take a sudden turn when he finds himself
 transported to a magical world, where humans are considered the 
strongest beings and even worshipped as gods by many. Despite the 
dwindling existence of humans in the realm, the populace continues to 
search for human relics and their immense power, making Youji's 
appearance a drastic surprise.



After being rescued by Youji and witnessing his remarkable strength, an 
elf girl named Ria wishes to help him conceal his identity. With the 
assistance of his newfound companion, Youji embarks on a quest to 
shelter himself from potential enemies—although the arrival of new, 
eccentric allies and Ria herself may prove to be distracting.",human,human,physical strength,0,0,0
124995,Salaryman ga Isekai ni Ittara Shitennou ni Natta Hanashi,Headhunted to Another World: From Salaryman to Big Four!,"Dennosuke Uchimura, is a simple Salaryman, 
who one day dies run over, and is invoked in another world, by the Demon
 King himself, who offers him employment as one of his Four Heavenly 
Kings. Can Dennosuke survive as a servant of the Demon King, and meet 
his expectations?",human,employee,strategist,0,0,0
111287,"Seichou Cheat de Nandemo Dekiruyou ni Natta ga, Mushoku dake wa Yamerarenaiyou desu","I've Became Able to Do Anything with My Growth Cheat, but I Can't Seem to Get out of Being Jobless","Ichinosuke, failed to get a job for 100 
consecutive times. Furthermore, his record is still being renewed and on
 the way to another job interview, he was involved in an accident with a
 truck and tragically passed away. Fortunately for him, a Goddess 
bestowed upon him the ability to grow at a speed 400 times faster than 
normal, before sending him to a game-like world.



Knowing that he would not become stronger even if continued growing 
while jobless, he aimed to get a job, but found out that it was just his
 terrible fate to remain jobless forever. As Growth and Jobless cheats 
existed side-by-side in this world, an adventure record, no doubt 
certified by the job-placement agency as a harmful book, begins here.",human,adventurer,exp boost,0,0,0
117886,"Sekai Saikou no Ansatsusha, Isekai Kizoku ni Tensei suru",The World's Finest Assassin Gets Reincarnated in Another World as an Aristocrat,"The most dangerous prey... When the most accomplished assassin on Earth meets his end just before retirement, he finds himself standing before a goddess. Her world is headed for disaster, and she has need of his particular set of skills. Armed with powerful new abilities and decades of deadly knowledge, he begins his second life as Lugh, young scion of the Tuatha Dé clan of assassins. His mission: to find and eliminate the strongest individual in this world—the hero!",human,assassin,assassin,1,0,0
113152,"Sekkaku Cheat wo Moratte Isekai ni Teni shita n dakara, Suki na You ni Ikitemitai",Might as Well Cheat: I Got Transported to Another World Where I Can Live My Wildest Dreams!,"Satou Tarou, a 30-year-old construction worker, just died. Reborn into a fantasy world, he's granted such a high level of healing magic that it feels like a cheat code–and the healing potions he produces fetch a high price. Now wealthy, powerful, and with the worries of his old world long gone, he's ready to live it up in this new life...starting at the nearest brothel!",human,merchant,healer,0,0,1
109931,Shingan no Yuusha,"
The brave with God's eyes","Makoto is a recluse who gets summoned to 
another world. From the Goddess Liana, he's granted the ""Truth Eye"" aka 
""God's Eye,"" and is now able to see various things, including the past 
and the future. Using this ability he decides to live as an adventurer 
in a different world.",human,hero,log,0,0,0
109770,Shirokuma Tensei: Mori no Shugoshin ni Natta zo Densetsu,Reborn as a Polar Bear: The Legend of How I Became a Forest Guardian,"After devoted mountain climber Kumakichi 
Kumada falls into a ravine, he wakes up in the middle of a forest in 
another world...as a polar bear! Now this tough Ursus maritimus is 
looking after six werewolf sisters on the run from the humans 
tyrannizing their clan. Keeping his wits about him and using his 
knowledge from his past life, the next ""mountain"" for him to climb will 
be making a comfortable life in the forest for everyone!",polar bear,villager,physical strength,0,1,0
110288,"Slime Taoshite 300-nen, Shiranai Uchi ni Level Max ni Nattemashita",I've Been Killing Slimes for 300 Years and Maxed Out My Level,"Suddenly dying from overwork, salarywoman 
Azusa Aizawa finds herself before an angel, who allows her to 
reincarnate into a new world as an immortal witch, where she spends her 
days killing slimes for money on an otherwise eternal vacation. But even
 the minimal experience points from slimes will add up after hundreds of
 years, and Azusa discovers that she accidentally reached the maximum 
level! Fearing that her strong abilities will attract work and force her
 back to a life of overexertion, she decides to hide her strength in 
order to preserve her peaceful lifestyle.



Despite her efforts, tales of the max level ""Witch of the Plateau"" 
spread across the land, and a proud dragon named Laika shows up looking 
to test their strength against her. Even though Azusa defeats and 
befriends Laika, problems arise as both friends and foes come looking 
for the secluded witch.",human,witch,magic,0,1,0
122265,"Sono Ossan, Isekai de Nishuume Play wo Mankitsuchuu",The Old Man Who Got a Second Round in Another World,"Yuuya is a middle-aged adventurer without 
talent. As hardworking as he is, he spends his days garnering little 
reward. One day, his memories of being a corporate slave return and he 
realizes that he has reincarnated into a world of the video game he had 
been obsessed with in his previous life. As a bonus for resetting his 
level, his stats rise and the limits increase to the maximum. As a 
result, his life receives a turnaround. Using his knowledge of the game 
as well as his 10 years of experience as an adventurer, all will be in 
his grasp using the skills he has forged. At last, in his third life, 
the time has come for the old man to be rewarded for his efforts.",human,adventurer,sword + magic,0,0,0
113999,Succubus ni Tensei shita node Milk wo Shiborimasu,"Because I Reincarnated as a Succubus, I'll Squeeze Out Milk","After being killed by a car, 17-year-old Riichi was reincarnated into fantasy world as succubus who can eat only milk and ""man's life essence."" Luckily for him, he was transferred to new world together with an ""ultimate cow!?""",succubus,waitress,ejaculate magic,0,0,1
115978,Taberu dake de Level Up!: Damegami to Issho ni Isekai Musou,Level Up Just By Eating!        ,"The useless goddess Laura whose only strong point is having huge breasts, and the boy Kehma who was summoned to another world.



Gaining a cheat skill that lets him absorb the abilities of what he 
eats, Kehma enjoys to the fullest the other world life eating delicious 
monsters and toying with the easy to handle goddess.",human,adventurer,eat,0,0,0
67615,Tate no Yuusha no Nariagari,The Rising of the Shield Hero,"Twenty-year-old otaku Naofumi Iwatani is 
mysteriously transported to the otherworldly kingdom of Melromarc. 
Appearing before the King, Naofumi and three other summoned individuals 
learn that they are each one of the Four Cardinal Heroes who are tasked 
with defeating the malicious ""Waves of Catastrophe."" 



However, Naofumi is given only a measly shield and dubbed the ""Shield 
Hero,"" the weakest of the Four Cardinal Heroes. Owing to his lack of 
power, none of the kingdom's mercenaries wish to aid him, except for the
 country's beautiful princess, Malty Melromarc. But Naofumi soon awakens
 the next day to find himself robbed of all his possessions and falsely 
accused of rape by Malty. 



Due to his status as a Cardinal Hero, Naofumi is not executed, but 
instead, his erroneous crimes are made public. Struggling to find 
hospitality, Naofumi buys a demi-human slave girl named Raphtalia to aid
 his endeavors, and embarks on a perilous journey to deliver retribution
 to those who ruined him, learning the secrets of this new world along 
the way.",human,hero,shield,1,0,0
131255,"Tensei Gotoki de Nigerareru to demo, Niisan?","Even if you can escape with reincarnation, my brother?","Five years since I graduated from high 
school and within those years, I was confined by my younger sister, but 
it all ended when I ran away and died being hit by a truck. At last I’m 
free from my devil-like sister! Well, that’s what I thought but my 
sister was reincarnated with me at the same time in the same world. This
 time, I’ll escape from my sister’s clutches and live my life in a 
different world freely. With the strongest weapon and class I received 
from god.",human,student,magic,0,0,1
107138,Tensei Kyuuketsuki-san wa Ohirune ga Shitai: Please Take Care of Me.,A Transmigration Vampire Would Like to Take a Nap,"A boy had died and has been given the option to reincarnate into a vampire. He accepts it for being reincarnated and is given skills to accompany him, but he is now a girl. A female vampire, with no materials and only skills, Argento Vampir is now in the fantasy world. The only problem is, she wants to sleep all the time.",vampire,adventurer,vampire,0,0,0
113178,Tensei shitara Dragon no Tamago datta: Ibara no Dragon Road,Reincarnated as a Dragon Hatchling,"Our hero wakes up one day in a brand new 
world…but his new life doesn’t come with fighting skills or magic 
powers, or even arms and legs! He’s reborn as a helpless egg, stuck in 
an unfamiliar forest surrounded by terrifying, hungry beasts. But eggs 
hatch, hatchlings grow up, and humble beginnings can lead to something 
great. He’ll do his best to become the strongest dragon ever, and no 
measly shell will get in his way!",dragon,dragon,dragon,0,0,0
103144,Tensei shitara Ken deshita,Reincarnated as a Sword,"Hunted, enslaved, and killed—such is the 
terrible fate that befalls the members of the Black Cats tribe. 
Twelve-year-old Fran, a girl of the persecuted race, craves revenge for 
the atrocities committed against her people. She dreams of a brighter 
future, one for which she will not hesitate to get her hands dirty. An 
encounter with a talking sword, a reincarnated man looking for a 
beautiful wielder, turns out to be the deciding moment that will change 
her fate.



With the help of her new comrade, the young Fran plans to reclaim the 
pride and honor of her kin, slashing down all her enemies along the way.
 With an unshakable resolve, she embarks on a journey with her 
miraculous sword.",sword,master,sword,0,1,0
87609,Tensei shitara Slime Datta Ken,That Time I Got Reincarnated as a Slime,"It is just another ordinary day for Satoru 
Mikami. The sun is shining brightly on the streets of Tokyo, and he is 
in the midst of a discussion with his colleagues when suddenly he gets 
stabbed by a passing robber. The average 37-year-old corporate worker is
 now at death's door, and he has only one regret—dying a virgin. Fading 
out, he is startled by a mysterious AI-like voice reciting commands. 



Satoru abruptly wakes up in the middle of a strange cave, but something 
odd has happened: he is now a goop of slime! Thanks to his new body, he 
has acquired the skill to absorb anything and obtain its appearance and 
abilities. While testing out his newfound powers and exploring the cave,
 he stumbles upon a massive dragon named Veldora, who has been sealed 
away for the past three hundred years. After quickly befriending the 
beast, Satoru decides to help him escape; in exchange, Satoru is 
bestowed a new name: ""Rimuru Tempest.""



Wishing to avoid a life like his boring and mundane past, Rimuru is 
about to set out on a grand quest that will change his own destiny and 
the fate of his new world.",slime,demon lord,sword + magic,0,1,0
105747,Tondemo Skill de Isekai Hourou Meshi,Campfire Cooking in Another World with my Absurd Skill,"Along with three other heroes, 27-year-old 
Mukouda Tsuyoshi is transported into a fantasy world to rescue a kingdom
 from a mysterious threat. However, it soon becomes clear that Tsuyoshi 
has been dragged into the summoning ritual by accident. His only skill 
turns out to be ""Food Menu,"" which allows him to open an interface where
 he can purchase and obtain food-related supermarket items from modern 
Japan. 

 

Unceremoniously booted out of the palace, Tsuyoshi sets out on his own 
into his new world. However, his ability to create delicious dishes 
unknown to this world soon pays dividends, even attracting the legendary
 wolf Fenrir. Fenrir is so taken in by the food that the creature 
immediately forms a contract with Tsuyoshi, becoming his familiar. 
Followed by this whimsical mythical being, Tsuyoshi takes up a job as a 
merchant and adventurer, travelling and cooking up mouth-watering meals 
that never fail to amaze the inhabitants of this world. ",human,cook,supermarket,0,0,0
90117,Tsuki ga Michibiku Isekai Douchuu,Tsukimichi: Moonlit Fantasy,"High school student Misumi Makoto is called
 into a fantasy world by the god Tsukuyomi, in order to be a hero. 
However, powerful others in this world aren't as thrilled to have him 
there, and they kick him to the edge of the world just as Tsukuyomi 
declares that he must leave Makoto to find his own way. Now it's up to 
Makoto to find his own way!",human,adventurer,magic,0,1,0
133078,Valhalla Ochinchin-kan,Valhalla Penis Mansion,"Shota Iijima picked up erotic books during 
his childhood and suffers from a severe foreign sister fetish. 
Thereafter, from the years between his age of 12 to 15, he masturbated 
999 times. For his 1000th round of masturbation, he had been transferred
 to a different world. And Shota is sold as a slave.



A paradise for women and hell for men… Valhalla, the penis mansion.",human,slave,-,0,0,1
113081,"Wanwan Monogatari: Kanemochi no Inu ni Shite to wa Itta ga, Fenrir ni Shiro to wa Ittenee!","Woof Woof Story: I Told You to Turn Me Into a Pampered Pooch, Not Fenrir!","The story centers on a man who dies due to 
overwork, a phenomenon that has unfortunately become a known problem in 
Japan. Just before dying, the man thought that if he was reincarnated, 
he would want to live a lazy life of a rich man's dog.



His wish is granted, but it doesn't turn out the way he anticipated. He 
comes back to life in another world as Routa, a dog who belongs to the 
daughter of an extremely wealthy family. However, after just one month 
he grows so much, he is easily larger than a human, and he realizes he 
is no ordinary dog...but he still decides to pretend to be a dog at all 
costs!",fenrir,pet,fenrir,0,0,0
108598,Yasei no Last Boss ga Arawareta!: Kokuyoku no Haou,A Wild Last Boss Appeared!,"Ruphas Mafahl, the black-winged overlord and leader of the Twelves Stars of Heaven, has been vanquished. 



A man wakes up in the body of the Exgate game character Ruphas, two 
hundred years after her defeat at the hands of the seven heroes. The 
game world of Exgate he knew is no longer ruled by humans—and it is no 
longer just a game. Exgate is a world of its own where the characters 
think, feel, and live just like he does. Ruphas journeys through Exgate,
 looking for the long-disbanded Twelve Stars of Heaven.



Ruphas is without country, army, or allies. A question remains: what’s 
the real reason an ordinary man was reincarnated into Exgate as Ruphas?",angel,overlord,magic,1,1,0
114849,Yondome wa Iya na Shizokusei Majutsushi,Death Attribute Magician,"Hiroto Amamiya's first life quickly and 
tragically ended alongside his classmates'. In his second, due to a 
mishap on God's part, he was reborn with immense magic but also the same
 degree of bad luck. After enduring years of torture, this life also 
ended as he was gunned down by his former classmates.



While Hiroto is consumed by a lust for revenge, God hopes that he can 
let go and forgive, so he promises the boy that after using his third 
life to calm down, his fourth will be peaceful. Thrust into the world of
 Lamda, Hiroto is reborn as a dark elf-vampire half-breed. However, 
while he retains his immense magic, God has cursed this power so that it
 remains sealed away.



Hiroto—now named Vandalieu—is showered with love by his mother, Darcia, 
but tragedy rips this peaceful life away. Deciding that he doesn't need a
 fourth life, the infant death mage Vandalieu sets out on a journey 
alongside undead companions, ghouls, and other terrors of the night.",half dark elf half vampire,king,magic,0,0,0
98436,Youjo Senki,The Saga of Tanya the Evil,"Intrigued by the severe lack of faith a 
particular salaryman displayed as he drew his last breath, a godlike 
presence known only as ""Being X"" reincarnates him into a magical yet 
war-torn world to test his mettle. Under these new circumstances, Being X
 believes that, should this man succumb to relentless suffering, he will
 call upon the heavens for assistance.



Starting life again as a young girl named Tanya Degurechaff, the 
salaryman quickly utilizes his past experiences and volunteers to the 
military of his country, the Empire. Wielding tremendous potential 
despite being a child, Tanya's prodigious capacity for strategic and 
magical warfare allows her to quickly ascend the ranks and consistently 
lead her nation to miraculous victories in the ongoing war. Even so, she
 does all of this for one purpose: to live in the backlines far from the
 warzone, effectively defying Being X's objectives.



However, as Tanya strives to escape Being X's influence, she soon comes 
to know that even with her genius, there are situations that a human 
simply cannot overcome without divine intervention.",human,commander,gun,1,1,0
110081,Isekai Ryouridou,Cooking with Wild Game,"Tsurumi Asuta is a 17-year-old second year high school student. He was an apprentice cook working at the public diner ""Tsurumi-ya"" that was managed by his father. One day, Tsurumi-ya is hit by fire and Asuta dived inside the burning shop in order to save his father's santoku knife which is said to be his father soul, where he found demise.



When he came to, he was in the midst of a strange jungle. He was then attacked by a beast resembling a boar, but Asuta was saved by a girl named Ai Fa claiming herself as part of the ""People of Morihen."" It was then that he realized he was in another world.",human,cook,-,0,0,0
121731,Realist Maou ni Yoru Seiikinaki Isekai Kaikaku,The Legend of Rebuilding World Realist Demon King,"Seventy-two feudal demon lords vie for power. The weakest among them is also the youngest: Ashtarot, who retains memories from his human life as a researcher. While he possesses neither an army nor immense power, his talent is his pragmatism. From killing potential heroes before they gain power to using underhanded tricks and lies, everything is fair game for the 72nd demon lord.  



Ashtarot's ultimate goal is to dominate the other demon lords—whether by conquering them or allying with them—and ascend as the Demon King. Accompanied by the demon maid Eve and his subordinates, Ashtarot makes a name for himself as the demon lord who will use any tactic to win—utilizing the power known as realism!",human,demon lord,magic,0,0,0
146277,Oneesama to Watashi: Ojousama ga Isekai Tensei,My Sister and Giant: A Young Lady is Reborn in Another World.,-,human,-,-,0,1,0
115917,"Tensei Kenja no Isekai Life: Dai-2 no Shokugyou wo Ete, Sekai Saikyou ni Narimashita",My Isekai Life: I Gained a Second Character Class and Became the Strongest Sage in the World!,"Sano Yuuji, a black company employee, is summoned to another world while finishing his work at home. His profession in the other world, a Monster Tamer, is considered a job that makes it difficult to become an adventurer. However, thanks to some slimes he met, which read several magical books, he gained magical powers and the second profession, Sage. Yuuji acquired overwhelming power, but is he conscience of his strength?  



Blindly becoming unparalleled and strongest in the world!",human,adventurer,monster tamer,0,0,0
136309,Mezase Gouka Kyakusen!!: Fune Shoukan Skill de Isekai Rich Life wo Te ni Ireru,Striving for the Luxury Liner!!: Get That Rich Isekai Life with a Ship-Summoning Skill,"After falling into the ocean, Wataru Toyoumi, finds himself reincarnated in another world! Armed with a skill to allow him to summon boats, he plans to get rich and live a happy life aboard his very own luxury liner.",human,adventurer,summoner,0,0,0
146368,Maryoku Cheat na Majo ni Narimashita: Souzou Mahou de Kimama na Isekai Seikatsu,I Became a Magical Cheat Loli Witch,"Reincarnate in another world and multiply your magic powers infinitely with the cheat skill you acquired! With magical powers, you can do anything! This is the calm isekai life of a lively and fun witch and her attendant.",human,witch,magic,0,0,0
152415,Tensei Colosseum: Saijaku Skill de Saikyou no Onna-tachi wo Kouryaku shite Dorei Harem Tsukurimasu,Reincarnation Coliseum,"Average high school student Mikagami​ Kouji is a hardcore gamer. One day he gets isekai'd and he only gets the skill ""copy"" which is apparently useless but we all know it's secretly OP or something. He's enslaved to be a gladiator by his summoner, the big booba, head priestess Zayd. He has to fight in the Colosseum and if he loses he gets sexually abused.",human,gladiator,copy,1,0,1
147137,Ataerareta Skill wo Tsukatte Kasei de Isekai Bijo-tachi to Ichaicha shitai,I want to use the skills given to earn money and flirt with beauties from other worlds.,"That day, Ichita Yamada was working part-time as usual. When he opened the back door after finishing his part-time job, he found a blank space and a person who called himself God. It was by chance that he was chosen by God to go to another world. He was perplexed, but decided to live anyway. Thinking about how to survive in this other world using the skills he received from God, he tries his best to have a physical relationship with a beautiful woman in this other world.",human,merchant,potion maker,0,0,1
127781,"Tensei Kizoku, Kantei Skill de Nariagaru: Jakushou Ryouchi wo Uketsuida node, Yuushuu na Jinzai wo Fuyashiteitara, Saikyou Ryouchi ni Natteta","As a Reincarnated Aristocrat, I'll Use My Appraisal Skill to Rise in the World","An ordinary salaryman dies one day and is reborn as Ars Louvent, the son of a noble. Although he isn't talented in magic or swordplay, he does have one skill that no one else possesses: ""Appraisal."" Using this ability, Ars can determine a person's current strength, how much potential they hold, and where their talents rest.  



This skill is especially useful in the present situation of the country. The government is corrupt, revolts occur more often than not, and nobles far and wide are strengthening their fortifications in preparation for an all-out war. With this in mind, Ars realizes he too must prepare by gathering talented people.  



From a persecuted foreigner unparalleled with the sword, a slave with an unknown talent for magic, to a timid boy with an unquenchable thirst for knowledge—Ars begins to surround himself with people to support him, aiming to create the most powerful territory.",human,aristocrat,appraisal,0,1,0
156907,"Isekai Koushoku Musouroku: Isekai Tensei no Chie to Chikara wo, Tada Hitasura xxxx suru Tame ni Tsukau ",Using the Wisdom from My Isekai Reincarnation Only for Sex,"The protagonist, ""Sao"" has been reborn with his memories from his past life. He's born as a son of a rural villager, but his true identity is a reincarnated person with cheat abilities and the knowledge of the modern world. With the class ""Rod Master,"" he received as he grows up, and the many skills that came up with it, he can defeat enemies, help people, and even for sex.",human,rod master,rod,0,0,1
